{
  "display": {
    "icon": {
      "id": "minecraft:warped_fungus_on_a_stick",
      "components": {
        "minecraft:custom_model_data": {
          "strings": [
            "jbt:iron_chisel"
          ]
        }
      }
    },
    "title": {
      "translate": "jbt:adv_iron_chisel_title",
      "fallback": "Block Replacer"
    },
    "description": {
      "translate": "jbt:adv_iron_chisel_desc",
      "fallback": "Craft an Iron Chisel"
    },
    "show_toast": true,
    "announce_to_chat": true,
    "hidden": false
  },
  "parent": "jbt:visible/root",
  "criteria": {
    "": {
      "trigger": "minecraft:recipe_crafted",
      "conditions": {
        "recipe_id": "jbt:iron_chisel"
      }
    }
  }
}