{
  "display": {
    "icon": {
      "id": "minecraft:iron_ingot",
      "components": {
        "minecraft:custom_model_data": {
          "strings": [
            "jbt:item_magnet"
          ]
        }
      }
    },
    "title": {
      "translate": "jbt:adv_item_magnet_title",
      "fallback": "Attractive Personality"
    },
    "description": {
      "translate": "jbt:adv_item_magnet_desc",
      "fallback": "Craft an Item Magnet"
    },
    "show_toast": true,
    "announce_to_chat": true,
    "hidden": false
  },
  "parent": "jbt:visible/root",
  "criteria": {
    "": {
      "trigger": "minecraft:recipe_crafted",
      "conditions": {
        "recipe_id": "jbt:item_magnet"
      }
    }
  }
}