{
  "display": {
    "icon": {
      "id": "minecraft:ladder",
      "components": {
        "minecraft:custom_model_data": {
          "strings": [
            "jbt:rope_ladder"
          ]
        }
      }
    },
    "title": {
      "translate": "jbt:adv_rope_ladder_title",
      "fallback": "A Step Down"
    },
    "description": {
      "translate": "jbt:adv_rope_ladder_desc",
      "fallback": "Craft a Rope Ladder"
    },
    "show_toast": true,
    "announce_to_chat": true,
    "hidden": false
  },
  "parent": "jbt:visible/root",
  "criteria": {
    "": {
      "trigger": "minecraft:recipe_crafted",
      "conditions": {
        "recipe_id": "jbt:rope_ladder"
      }
    }
  }
}