{
  "type": "minecraft:crafting_shaped",
  "category": "equipment",
  "pattern": [
    "sls",
    "lgl",
    "lll"
  ],
  "key": {
    "s": "minecraft:string",
    "l": "minecraft:leather",
    "g": "minecraft:short_grass"
  },
  "result": {
    "id": "minecraft:warped_fungus_on_a_stick",
    "count": 1,
    "components": {
      "minecraft:custom_name": "[\"\",{\"translate\":\"jbt:grass\",\"fallback\":\"Grass Starter\",\"italic\":false}]",
      "minecraft:custom_model_data": {"strings":["jbt:grass_starter"]},
      "minecraft:max_damage": 10,
      "minecraft:custom_data": {"jbt_grass":true}
    }
  }
}