{
  "type": "minecraft:crafting_shaped",
  "category": "equipment",
  "pattern": [
    "ggg",
    "ili",
    "l l"
  ],
  "key": {
    "g": "minecraft:gold_ingot",
    "i": "minecraft:iron_ingot",
    "l": "minecraft:leather"
  },
  "result": {
    "id": "minecraft:rabbit_foot",
    "count": 1,
    "components": {
      "minecraft:max_stack_size": 1,
      "minecraft:custom_name": "[\"\",{\"translate\":\"jbt:hardhat\",\"fallback\":\"Hardhat\",\"italic\":false}]",
      "minecraft:custom_model_data": {"strings":["jbt:hardhat"]},
      "minecraft:equippable": {
        "slot": "head",
        "asset_id": "hardhat"
      },
      "minecraft:attribute_modifiers": {
        "modifiers": [
          {
            "type": "minecraft:block_interaction_range",
            "id": "jbt_hardhat_reach",
            "amount": 2,
            "operation": "add_value",
            "slot": "head"
          }
        ],
        "show_in_tooltip": true
      }
    }
  }
}