{
  "type": "minecraft:crafting_shaped",
  "category": "equipment",
  "pattern": [
    " ii",
    "pig"
  ],
  "key": {
    "p": "minecraft:light_weighted_pressure_plate",
    "g": "minecraft:gold_ingot",
    "i": "minecraft:iron_ingot"
  },
  "result": {
    "id": "minecraft:warped_fungus_on_a_stick",
    "count": 1,
    "components": {
      "minecraft:custom_name": "[\"\",{\"translate\":\"jbt:tape\",\"fallback\":\"Tape Measure\",\"italic\":false}]",
      "minecraft:custom_model_data": {"strings":["jbt:tape_measure_in"]},
      "minecraft:custom_data": {"jbt_tape":true,"jbt_tape_open":false}
    }
  }
}