{
  "type": "minecraft:crafting_shaped",
  "category": "equipment",
  "pattern": [
    " e ",
    "sbs",
    " s "
  ],
  "key": {
    "e": "minecraft:ender_eye",
    "b": "minecraft:bundle",
    "s": "minecraft:bone"
  },
  "result": {
    "id": "minecraft:bundle",
    "count": 1,
    "components": {
      "minecraft:custom_name": "[\"\",{\"translate\":\"jbt:bundle\",\"fallback\":\"Void Bundle\",\"italic\":false}]",
      "minecraft:custom_model_data": {"strings":["jbt:void_bundle"]},
      "minecraft:custom_data": {"jbt_bundle":true}
    }
  }
}