{
  "type": "minecraft:crafting_shaped",
  "category": "equipment",
  "pattern": [
    "e  ",
    "b  "
  ],
  "key": {
    "e": "minecraft:ender_eye",
    "b": "minecraft:bucket"
  },
  "result": {
    "id": "minecraft:warped_fungus_on_a_stick",
    "count": 1,
    "components": {
      "minecraft:custom_name": "[\"\",{\"translate\":\"jbt:bucket\",\"fallback\":\"Void Bucket\",\"italic\":false}]",
      "minecraft:custom_model_data": {"strings":["jbt:void_bucket"]},
      "minecraft:custom_data": {"jbt_bucket":true}
    }
  }
}